{"cameraMode":{"drawMode":0,"name":"Shaded","section":"Shading Mode"},"sceneLighting":true,"audioPlay":false,"sceneViewState":{"m_AlwaysRefresh":false,"showFog":true,"showSkybox":true,"showFlares":true,"showImageEffects":true,"showParticleSystems":true,"showVisualEffectGraphs":true,"m_FxEnabled":true},"in2DMode":false,"pivot":{"x":-0.3609699606895447,"y":-5.731907844543457,"z":8.359200477600098},"rotation":{"x":0.19848458468914033,"y":0.002936640288680792,"z":-0.0005898796953260899,"w":0.9801127314567566},"size":12.12435531616211,"orthographic":false}