{"cameraMode":{"drawMode":0,"name":"Shaded","section":"Shading Mode"},"sceneLighting":true,"audioPlay":false,"sceneViewState":{"m_AlwaysRefresh":false,"showFog":true,"showSkybox":true,"showFlares":true,"showImageEffects":true,"showParticleSystems":true,"showVisualEffectGraphs":true,"m_FxEnabled":true},"in2DMode":false,"pivot":{"x":0.6325490474700928,"y":2.2138772010803224,"z":0.1636711210012436},"rotation":{"x":-0.17785941064357758,"y":-0.001196841592900455,"z":0.00021950469817966223,"w":-0.9840618968009949},"size":13.969273567199707,"orthographic":false}